{
  "name": "Herbyshit",
  "sizeX": 1280,
  "sizeY": 768,
  "gameMode": {
    "FreeForAll": {
      "obstacles": [
      ],
      "spawnPoint": [
        {
          "team": 1,
          "x": 20,
          "y": 20,
          "sizeX": 100,
          "sizeY": 100
        },
        {
          "team": 2,
          "x": 1000,
          "y": 20,
          "sizeX": 100,
          "sizeY": 100
        },
        {
          "team": 3,
          "x": 20,
          "y": 500,
          "sizeX": 100,
          "sizeY": 100
        },
        {
          "team": 4,
          "x": 1000,
          "y": 500,
          "sizeX": 100,
          "sizeY": 100
        }
      ]
    },
    "TeamDeathMatch": {
      "obstacles": [
      ],
      "spawnPoint": [
        {
          "team": 1,
          "x": 20,
          "y": 20,
          "sizeX": 100,
          "sizeY": 100
        },
        {
          "team": 2,
          "x": 1000,
          "y": 20,
          "sizeX": 100,
          "sizeY": 100
        }
      ]
    },
    "TouchDown": {
      "obstacles": [
      ],
      "spawnPoint": [
        {
          "team": 1,
          "x": 20,
          "y": 20,
          "sizeX": 100,
          "sizeY": 100
        },
        {
          "team": 2,
          "x": 1000,
          "y": 620,
          "sizeX": 100,
          "sizeY": 100
        }
      ]
    },
    "Kingdom": {
      "obstacles": [
      ],
      "spawnPoint": [
        {
          "team": 1,
          "x": 20,
          "y": 20,
          "sizeX": 100,
          "sizeY": 100
        },
        {
          "team": 2,
          "x": 1000,
          "y": 620,
          "sizeX": 100,
          "sizeY": 100
        }
      ]
    }
  }
}